-- 3zahj5nac

CREATE TABLE SALESPEOPLE (
  snum INTEGER PRIMARY KEY,
  sname TEXT NOT NULL,
  city TEXT NOT NULL,
  comm decimal(2, 2) NOT NULL
);
-- .
CREATE TABLE CUSTOMERS (
  cnum INTEGER PRIMARY KEY,
  cname TEXT NOT NULL,
  city TEXT NOT NULL,
  rating INTEGER NOT NULL,
  snum INTEGER NOT NULL
);
-- .
CREATE TABLE ORDERS (
  onum INTEGER PRIMARY KEY,
  amt decimal(6, 2) NOT NULL,
  odate date NOT NULL,
  cnum INTEGER NOT NULL,
  snum INTEGER NOT NULL
);
-- .
INSERT INTO SALESPEOPLE VALUES (1001, 'Peel', 'London', .12);
INSERT INTO SALESPEOPLE VALUES (1002, 'Serres', 'San Jose', .13);
INSERT INTO SALESPEOPLE VALUES (1004, 'Motika', 'London', .11);
INSERT INTO SALESPEOPLE VALUES (1007, 'Rifkin', 'Barcelona', .15);
INSERT INTO SALESPEOPLE VALUES (1003, 'Axelrod', 'New York', .10);
-- .
INSERT INTO CUSTOMERS VALUES (2001, 'Hoffman', 'London', 100, 1001);
INSERT INTO CUSTOMERS VALUES (2002, 'Giovanni', 'Rome', 200, 1003);
INSERT INTO CUSTOMERS VALUES (2003, 'Liu', 'SanJose', 200, 1002);
INSERT INTO CUSTOMERS VALUES (2004, 'Grass', 'Berlin', 300, 1002);
INSERT INTO CUSTOMERS VALUES (2006, 'Clemens', 'London', 100, 1001);
INSERT INTO CUSTOMERS VALUES (2008, 'Cisneros', 'SanJose', 300, 1007);
INSERT INTO CUSTOMERS VALUES (2007, 'Pereira', 'Rome', 100, 1004);
-- .
INSERT INTO ORDERS VALUES (3001, 18.69, '1990-03-10', 2008, 1007);
INSERT INTO ORDERS VALUES (3003, 767.19, '1990-03-10', 2001, 1001);
INSERT INTO ORDERS VALUES (3002, 1900.10, '1990-03-10', 2007, 1004);
INSERT INTO ORDERS VALUES (3005, 5160.45, '1990-03-10', 2003, 1002);
INSERT INTO ORDERS VALUES (3006, 1098.16, '1990-03-10', 2008, 1007);
INSERT INTO ORDERS VALUES (3009, 1713.23, '1990-04-10', 2002, 1003);
INSERT INTO ORDERS VALUES (3007, 75.75, '1990-04-10', 2004, 1002);
INSERT INTO ORDERS VALUES (3008, 4723.00, '1990-05-10', 2006, 1001);
INSERT INTO ORDERS VALUES (3010, 1309.95, '1990-06-10', 2004, 1002);
INSERT INTO ORDERS VALUES (3011, 9891.88, '1990-06-10', 2006, 1001);
-- .
-- SELECT city, sname, snum, comm FROM SALESPEOPLE;
-- SELECT cname, rating FROM CUSTOMERS WHERE city='SanJose';
-- SELECT DISTINCT snum FROM ORDERS;
-- SELECT * FROM CUSTOMERS WHERE cname LIKE 'G%'
-- SELECT * FROM ORDERS WHERE amt>1000
-- SELECT MIN(amt) AS MinPrice FROM ORDERS;
SELECT * FROM CUSTOMERS WHERE rating>100 AND city != 'Rome'
